{
  "instrument": "scope",
  "captured_at": "2026-06-06T00:39:22.885857+00:00",
  "description": null,
  "config": {
    "channels": [
      2
    ],
    "range_v": 5.0,
    "sample_rate_hz": 50000.0,
    "output_path": null
  },
  "summary": {
    "instrument": "scope",
    "sample_count": 564,
    "sample_rate_hz": 50000.0,
    "extra": {
      "ch2": {
        "min": 0.002310309067774552,
        "max": 0.03113581442202501,
        "mean": 0.0026238493091724825,
        "rms": 0.002887040209544722,
        "freq_estimate": 44.326241134751776,
        "sample_rate": 50000.0
      }
    }
  }
}