{
  "instrument": "scope",
  "captured_at": "2026-06-06T00:39:22.805522+00:00",
  "description": null,
  "config": {
    "channels": [
      2
    ],
    "range_v": 5.0,
    "sample_rate_hz": 50000.0,
    "output_path": null
  },
  "summary": {
    "instrument": "scope",
    "sample_count": 522,
    "sample_rate_hz": 50000.0,
    "extra": {
      "ch2": {
        "min": -0.08554199921016778,
        "max": -0.08452500899857986,
        "mean": -0.08488049098824779,
        "rms": 0.08488058170006572,
        "freq_estimate": 1772.0306513409962,
        "sample_rate": 50000.0
      }
    }
  }
}