{
  "instrument": "scope",
  "captured_at": "2026-06-06T00:39:23.055245+00:00",
  "description": null,
  "config": {
    "channels": [
      2
    ],
    "range_v": 5.0,
    "sample_rate_hz": 50000.0,
    "output_path": null
  },
  "summary": {
    "instrument": "scope",
    "sample_count": 571,
    "sample_rate_hz": 50000.0,
    "extra": {
      "ch2": {
        "min": 0.13295443624868614,
        "max": 0.13365850639517007,
        "mean": 0.13338641390423467,
        "rms": 0.13338643883263082,
        "freq_estimate": 4816.112084063047,
        "sample_rate": 50000.0
      }
    }
  }
}